Datetime,Water Level (m)
2025-07-28 06:00:00,1.0417211
2025-07-28 07:00:00,0.837925
2025-07-28 08:00:00,0.5502308
2025-07-28 09:00:00,0.24348578
2025-07-28 10:00:00,-0.010590381
2025-07-28 11:00:00,-0.15375416
2025-07-28 12:00:00,-0.12778164
2025-07-28 13:00:00,0.040678788
2025-07-28 14:00:00,0.29754108
2025-07-28 15:00:00,0.57142925
2025-07-28 16:00:00,0.7889889
2025-07-28 17:00:00,0.8829649
2025-07-28 18:00:00,0.85600173
2025-07-28 19:00:00,0.71557736
2025-07-28 20:00:00,0.48925713
2025-07-28 21:00:00,0.23624127
2025-07-28 22:00:00,0.03529041
2025-07-28 23:00:00,-0.07248092
2025-07-29 00:00:00,-0.052676998
2025-07-29 01:00:00,0.104906306
2025-07-29 02:00:00,0.3707967
2025-07-29 03:00:00,0.66515017
2025-07-29 04:00:00,0.916877
2025-07-29 05:00:00,1.059599
2025-07-29 06:00:00,1.0655029
2025-07-29 07:00:00,0.92316175
2025-07-29 08:00:00,0.676565
2025-07-29 09:00:00,0.38615054
2025-07-29 10:00:00,0.1253047
2025-07-29 11:00:00,-0.061716214
2025-07-29 12:00:00,-0.11730759
2025-07-29 13:00:00,-0.035175186
2025-07-29 14:00:00,0.16520149
2025-07-29 15:00:00,0.43058074
2025-07-29 16:00:00,0.69827795
2025-07-29 17:00:00,0.8711665
2025-07-29 18:00:00,0.9151546
2025-07-29 19:00:00,0.8510684
2025-07-29 20:00:00,0.6730083
2025-07-29 21:00:00,0.43864146
2025-07-29 22:00:00,0.21030506
2025-07-29 23:00:00,0.06441207
2025-07-30 00:00:00,0.01413608
2025-07-30 01:00:00,0.08829549
2025-07-30 02:00:00,0.2710593
2025-07-30 03:00:00,0.51998246
2025-07-30 04:00:00,0.7557058
2025-07-30 05:00:00,0.9224958
2025-07-30 06:00:00,0.9899627
2025-07-30 07:00:00,0.9270436
2025-07-30 08:00:00,0.7572182
2025-07-30 09:00:00,0.51403093
2025-07-30 10:00:00,0.25653613
2025-07-30 11:00:00,0.04027856
2025-07-30 12:00:00,-0.06924028
2025-07-30 13:00:00,-0.07200767
2025-07-30 14:00:00,0.03907481
2025-07-30 15:00:00,0.24337883
2025-07-30 16:00:00,0.477164
2025-07-30 17:00:00,0.6681759
2025-07-30 18:00:00,0.77044505
2025-07-30 19:00:00,0.7868516
2025-07-30 20:00:00,0.7034205
2025-07-30 21:00:00,0.53880334
2025-07-30 22:00:00,0.3446675
2025-07-30 23:00:00,0.17522289
2025-07-31 00:00:00,0.074790776
2025-07-31 01:00:00,0.06583516
2025-07-31 02:00:00,0.1641058
2025-07-31 03:00:00,0.34374505
2025-07-31 04:00:00,0.5558823
2025-07-31 05:00:00,0.7364086
2025-07-31 06:00:00,0.8406303
2025-07-31 07:00:00,0.8483354
2025-07-31 08:00:00,0.75255924
2025-07-31 09:00:00,0.5784851
2025-07-31 10:00:00,0.37211987
2025-07-31 11:00:00,0.16978015
2025-07-31 12:00:00,0.025666947
2025-07-31 13:00:00,-0.027012236
2025-07-31 14:00:00,0.013453724
2025-07-31 15:00:00,0.14387034
2025-07-31 16:00:00,0.329848
2025-07-31 17:00:00,0.5221823
2025-07-31 18:00:00,0.6638797
2025-07-31 19:00:00,0.73945624
2025-07-31 20:00:00,0.726902
2025-07-31 21:00:00,0.6391455
2025-07-31 22:00:00,0.49496022
2025-07-31 23:00:00,0.33784583
2025-08-01 00:00:00,0.21252115
2025-08-01 01:00:00,0.15909907
2025-08-01 02:00:00,0.1850938
2025-08-01 03:00:00,0.2790342
2025-08-01 04:00:00,0.4253844
2025-08-01 05:00:00,0.59032756
2025-08-01 06:00:00,0.70719796
2025-08-01 07:00:00,0.74889404
2025-08-01 08:00:00,0.71682394
2025-08-01 09:00:00,0.61859965
2025-08-01 10:00:00,0.46155706
2025-08-01 11:00:00,0.28661186
2025-08-01 12:00:00,0.13663638
2025-08-01 13:00:00,0.04324718
2025-08-01 14:00:00,0.015748031
2025-08-01 15:00:00,0.076751724
2025-08-01 16:00:00,0.19744076
2025-08-01 17:00:00,0.36194423
2025-08-01 18:00:00,0.5197545
2025-08-01 19:00:00,0.6323057
2025-08-01 20:00:00,0.68231106
2025-08-01 21:00:00,0.6680379
2025-08-01 22:00:00,0.59620017
2025-08-01 23:00:00,0.48515436
2025-08-02 00:00:00,0.36839527
2025-08-02 01:00:00,0.28533778
2025-08-02 02:00:00,0.25378177
2025-08-02 03:00:00,0.27590305
2025-08-02 04:00:00,0.34319058
2025-08-02 05:00:00,0.45548013
2025-08-02 06:00:00,0.56402427
2025-08-02 07:00:00,0.6312969
2025-08-02 08:00:00,0.6430261
2025-08-02 09:00:00,0.6022342
2025-08-02 10:00:00,0.51534605
2025-08-02 11:00:00,0.38622037
2025-08-02 12:00:00,0.24273357
2025-08-02 13:00:00,0.12595837
2025-08-02 14:00:00,0.062097926
2025-08-02 15:00:00,0.053724725
2025-08-02 16:00:00,0.104875125
2025-08-02 17:00:00,0.21331054
2025-08-02 18:00:00,0.35347068
2025-08-02 19:00:00,0.4908615
2025-08-02 20:00:00,0.58735996
2025-08-02 21:00:00,0.6396947
2025-08-02 22:00:00,0.64950633
2025-08-02 23:00:00,0.60693395
2025-08-03 00:00:00,0.5268199
2025-08-03 01:00:00,0.43727648
2025-08-03 02:00:00,0.36835107
2025-08-03 03:00:00,0.32271168
2025-08-03 04:00:00,0.3149681
2025-08-03 05:00:00,0.3498198
2025-08-03 06:00:00,0.4175648
